num_rooms,num_people,housearea,is_ac,is_tv,is_flat,ave_monthly_income,num_children,is_urban,amount_paid
3,3,742.57,1,1,1,9675.93,2,0,560.4814469
1,5,952.99,0,1,0,35064.79,1,1,633.2836786
3,1,761.44,1,1,1,22292.44,0,0,511.8791568
0,5,861.32,1,1,0,12139.08,0,0,332.9920353
1,8,731.61,0,1,0,17230.1,2,1,658.285625
0,5,837.24,0,1,1,24661.81,2,1,793.2423456
4,5,679.04,0,1,0,28184.43,1,1,570.3828451
3,4,1044.65,0,0,1,16912.69,2,1,585.4051997
2,4,713.9,1,0,0,26058.28,0,1,653.2008685
1,6,734.43,0,0,0,22545.5,2,1,606.015138
2,6,742.69,0,1,0,15670.76,0,0,222.7345416
1,6,924.04,1,1,0,22527.33,0,1,606.1839763
0,3,776.62,0,1,0,32341.3,0,1,528.2784474
2,4,990.59,0,1,1,13084.35,0,1,622.3819174
2,7,870.61,0,1,0,31430.75,1,1,756.6516959
1,5,747.02,0,1,0,28595.98,0,1,471.1284367
3,5,699.01,0,0,1,44997,3,0,458.8428794
2,8,932.84,1,1,0,30009.93,1,1,818.1268647
4,4,573.69,0,1,0,32902.39,1,0,355.4343346
3,1,901.33,0,1,1,27090.16,2,1,707.9660271
1,6,902.07,1,1,0,11306.32,1,0,583.5433244
3,4,686.59,0,1,1,36352.99,1,1,579.6585178
1,4,860.28,0,0,0,7792.07,0,1,529.6833919
1,7,859.83,0,1,1,42003.43,1,1,763.9111317
2,6,773.65,0,1,0,30764.16,2,1,695.0368687
2,7,808.93,0,1,1,26083.57,1,1,605.607782
3,2,890.69,1,1,1,17349.88,4,1,994.6565775
1,1,765.32,0,1,1,8315.34,0,1,535.7010785
1,2,657.97,1,1,0,28148.91,1,1,711.3453733
2,7,816.77,0,1,1,16817.74,1,1,703.4094805
3,5,988.62,0,1,0,30021.55,3,1,731.2151799
1,4,733.55,0,1,1,14935.76,2,1,746.0997602
3,6,682.75,0,1,1,14898.26,1,1,601.4020142
0,9,1009.31,1,1,0,26697.92,2,0,715.5738462
2,7,764.79,1,1,1,26101.9,0,1,782.140521
2,6,643.52,0,1,0,5829.41,1,1,534.364255
2,5,554.38,0,0,1,28399.11,0,0,312.5746088
3,5,823.05,0,1,0,32656.32,0,1,611.881149
1,4,640.25,0,1,0,20463.3,0,1,552.347876
4,5,689.76,1,0,0,26291.15,0,0,349.6027282
2,5,813.69,0,1,1,23541.2,1,1,612.597427
1,3,821.69,1,1,0,16745.65,1,1,737.1308417
3,3,664.68,1,0,1,32740.89,2,1,873.6665321
2,3,1054.58,1,1,1,21255.23,0,1,696.3223547
2,0,1042.81,0,0,1,39314.16,0,0,238.9001909
3,5,929.46,0,1,1,16106.32,1,1,592.0867337
1,4,673.08,1,0,1,14214.36,2,0,658.0727505
1,5,713.62,0,1,1,36298.72,1,1,694.1850442
2,5,704.72,1,1,1,31749.91,2,1,926.2187523
1,4,794.74,0,0,0,6364.43,1,1,622.8890891
2,4,829.78,1,1,1,19835.2,2,1,1010.938058
1,4,953.19,1,1,1,39489.23,1,1,815.613587
1,5,585.55,0,0,1,20797.91,3,0,565.2021559
5,6,633.97,1,0,1,28202.39,0,0,447.529972
3,5,820.54,0,1,0,22586.51,0,1,579.811638
3,3,750.39,0,1,0,18681.58,3,0,564.8511814
2,2,672.37,1,1,1,19403.1,1,1,803.3617544
2,4,685.43,0,1,0,34816.79,0,1,453.9486956
3,2,662.29,0,1,0,36722.54,2,0,428.0121685
1,6,725.53,0,1,0,25109.88,3,0,559.7427587
1,0,878.69,0,1,1,15569.46,2,1,821.6441918
3,7,898.5,1,1,0,36884.89,2,1,976.8192519
3,7,893.27,0,1,0,16860.46,1,1,692.4273097
3,7,533.3,0,1,1,27626.36,0,1,657.3938401
1,8,518.49,1,1,0,30763.52,0,1,676.1190816
3,7,794.89,1,1,0,35189.49,2,0,670.8193916
2,8,711.53,0,0,0,37215.47,1,0,307.582511
2,6,1010.55,0,1,0,27689.47,1,0,440.5656881
4,4,845.12,0,1,0,12264.5,1,1,564.655552
1,7,714.65,1,1,0,24488.96,1,0,567.2766771
1,5,704.64,0,1,1,31282.86,0,1,626.4506534
2,2,690.69,0,1,1,14905.48,0,1,664.9073389
1,2,704.75,0,1,1,46993,0,0,390.598628
2,4,873.04,1,1,0,22599.47,1,0,525.5660584
1,4,862.83,0,1,1,14622.24,2,1,654.9969378
4,6,534.35,0,1,1,45379.66,0,1,633.9372718
2,5,666.23,0,1,0,25393.47,1,0,328.825046
3,8,780.66,1,0,1,28477.29,1,1,727.4280326
2,6,700.32,1,1,0,17418.74,2,1,806.5937005
2,6,388.17,0,1,1,9736.98,1,1,690.6665444
3,6,637.24,1,1,1,35536.9,0,0,397.6351074
2,3,868.51,0,1,0,30102.18,0,1,620.1505838
2,5,956.49,1,1,1,30233.2,1,0,640.7265185
3,8,613.67,0,1,0,21489.89,0,0,273.5962329
2,5,556.77,0,1,1,33455.61,0,0,433.1814116
1,4,719.97,0,1,1,22954.06,0,1,553.3296824
1,4,722.55,1,0,1,49903.47,0,0,506.9184632
2,6,755.85,1,0,0,28414.45,2,1,762.1161771
2,4,912.5,1,1,0,29492.59,0,0,547.5001535
2,8,592.68,1,1,1,20542.24,1,1,780.4230187
-1,5,697.17,0,1,1,17804.39,2,1,817.5148774
2,4,631.85,1,1,0,29206.67,0,0,445.7234847
3,7,627.3,0,1,0,32568.9,0,1,488.9383085
2,5,686,0,1,0,12090.35,2,1,762.7457624
4,2,755.81,1,1,0,34541.06,2,0,702.2583676
3,2,875.98,0,1,0,24849.38,2,0,534.6117635
1,5,729.06,1,1,0,22456.58,1,1,848.0907729
2,3,698.35,0,0,0,37442.86,2,0,302.4912074
2,5,621.6,1,1,0,27571.38,1,0,421.1591555
3,9,1123.53,0,1,1,33964.42,0,1,559.968969
3,5,486.17,0,1,0,18879.68,0,0,198.5154603
3,10,810.5,0,1,1,39304.91,1,1,815.3694045
2,6,750.76,1,1,0,26952.99,2,1,789.5914601
2,4,1000.26,1,1,1,18076.23,0,0,424.9164636
0,8,758,1,1,0,24767,0,0,439.7280884
2,3,700.37,0,1,1,14199.3,3,1,836.6893793
3,5,674.38,0,1,0,14925.92,0,1,491.2202209
2,4,1021.58,0,1,1,36811.24,2,0,425.0775644
3,4,773.05,0,1,0,20515.14,0,1,451.3722352
2,8,969.13,1,1,0,10539.88,1,0,439.6013586
1,7,580.33,0,1,0,30949.12,1,0,472.0017023
1,4,751.24,0,1,1,24104.97,2,1,835.1975354
1,9,835.06,0,1,1,27876.39,2,1,755.5377839
1,2,984.48,1,1,1,29999.75,2,1,840.2709695
1,6,900.96,0,1,0,12476.47,1,1,653.6549818
2,4,701.95,0,1,1,31473.06,2,1,828.2807862
1,6,719.2,0,1,0,31574.87,1,1,541.8547912
2,4,742.02,1,1,0,28730.32,1,0,603.3643827
2,3,776.74,1,1,1,28498.21,1,1,844.0376613
3,2,651.79,0,1,0,31858.78,0,1,510.4280629
2,6,824.89,1,1,1,22751.5,0,1,669.3708527
-1,2,638.39,0,1,0,26305.76,2,1,675.4832544
2,5,1076.14,0,1,1,34651.95,2,0,558.4210491
3,7,579.55,1,1,1,23892.45,0,0,457.7362956
2,4,777.33,0,1,0,20522.84,1,1,704.3168173
2,0,549.85,0,0,0,23928.25,2,1,611.2579713
1,6,764.09,1,0,1,18017.78,2,0,605.2541021
2,6,879.51,1,1,1,22013.63,0,0,422.5633362
2,6,671.88,0,0,1,14134.17,1,1,563.5413893
2,7,887.91,1,1,0,20988.27,0,1,724.8519505
3,4,699.8,0,1,1,12241.93,0,1,493.2565674
1,6,850.87,1,1,0,3776.08,0,1,652.293855
1,11,946.74,0,1,1,28819.03,2,1,730.0905088
3,7,549.72,0,1,1,41533.34,1,0,556.8264404
0,5,755.03,0,1,0,19693.19,1,0,261.9466408
2,6,828.63,1,1,1,10699.02,2,1,836.41467
1,5,323.95,0,1,0,26295.5,1,1,505.4436476
3,6,683.29,0,1,1,23182.8,1,0,507.9912064
2,5,557.23,0,0,0,19273.03,0,0,197.0671145
2,4,683.02,1,1,1,29193.07,1,0,606.133103
4,4,840.2,1,1,0,33580.57,0,1,653.2507522
1,8,970.75,0,1,0,32285.37,0,0,367.968041
3,2,929.79,1,0,1,24110.05,2,0,654.9929598
1,5,692.13,0,1,0,26348.19,2,0,490.1176933
1,1,878.83,0,1,0,34531.17,1,0,371.7114552
3,7,572.78,1,1,1,34099.98,1,0,513.9281277
2,4,840.06,0,1,1,20857.83,2,1,779.8590201
2,2,765.99,0,1,0,21128.67,2,0,470.4746362
2,6,627.91,1,1,1,21104.1,3,0,823.628494
3,6,884.14,1,1,1,25621.9,0,0,613.4892019
3,6,776.99,1,1,0,15962.89,1,0,517.2493253
2,8,567.36,1,1,1,12522.58,1,1,896.6508247
1,5,870.71,0,1,1,29910.62,3,1,812.1212149
2,4,1177.7,1,1,1,19366.43,3,1,984.2688434
1,5,950.5,0,1,1,15450.66,0,0,414.7156609
1,2,817.61,0,1,0,38734.51,1,1,622.0495954
1,7,658.86,0,1,1,35701.06,1,0,534.1766167
3,7,764.33,0,1,1,31872.19,2,0,570.4230146
3,2,1005.38,1,1,1,33346.93,1,1,754.6272794
1,3,968.28,0,1,0,32258.4,2,1,815.0588563
2,3,800.96,0,1,0,30971.97,2,0,455.3476047
2,3,564.17,1,1,1,16354.79,0,1,610.0848676
1,5,752.39,0,1,1,35560.75,1,1,589.4441598
2,4,771.59,0,1,1,25489.96,1,1,601.7710286
2,4,1069.32,0,1,0,12435.65,1,1,686.7638017
3,5,836.5,0,1,1,28629.77,2,1,862.2175725
3,5,934.82,0,1,0,24210.55,0,1,593.7690527
2,3,760.75,0,1,0,32129.77,3,0,545.6086013
1,7,665.07,0,1,0,42115.1,1,1,576.2863923
1,4,704.72,0,0,0,20191.55,1,1,500.8210966
4,-1,1058.32,1,0,0,17182.76,4,0,598.9381838
2,4,883.45,0,0,0,22813.35,2,0,372.4437758
1,6,626.75,0,1,0,31028.6,3,0,457.7769971
2,5,635.28,0,1,0,32315.58,1,1,567.3438377
1,5,574.3,0,1,0,11962.93,0,1,429.2638457
1,3,813.06,1,1,1,31780.33,2,1,908.841547
2,7,911.98,0,1,0,26336.01,2,1,794.8439016
2,4,880.15,0,1,0,22242.58,2,1,616.882502
2,7,931.86,0,1,0,24697.02,0,1,575.1968352
2,6,809.69,0,1,0,18617.69,1,0,311.4161298
2,3,786.46,0,1,0,31008.24,3,0,467.478603
-1,8,801.48,1,1,0,22003.44,2,1,960.3130864
1,4,748.04,1,1,1,16081.34,0,0,382.0630621
1,5,670.5,1,0,1,-1013.85,2,0,528.6530379
2,6,548.96,0,1,0,31400.35,2,0,485.7386496
2,5,569.94,0,0,1,19983.43,1,1,562.9551679
2,3,731.05,0,1,1,21571.95,1,0,479.555862
1,4,1035.94,1,1,0,38030.46,1,1,821.6955521
1,1,799.66,0,0,0,21299.68,1,0,277.1831966
2,5,843.85,0,1,0,19607.07,0,0,306.9960988
2,6,928.7,0,1,1,31689,1,1,792.8161884
2,9,856.5,0,1,0,18043.09,1,1,539.6381853
1,5,767.79,0,1,0,28953.16,0,0,183.4503234
2,7,996.66,1,1,0,30070.15,0,1,618.7511794
4,8,795.46,1,0,0,26405.81,1,1,769.1072468
4,9,678.47,0,0,0,30465.27,2,1,706.8992695
2,8,861.31,1,1,0,24174.71,1,0,640.1846499
3,5,819.68,1,0,0,10547.98,0,1,586.1330574
0,3,766.53,0,1,1,25372.96,1,0,300.4399838
4,2,834.13,1,1,0,32820.26,0,0,453.0959102
3,0,618.91,1,1,0,19943.2,0,1,709.0744227
1,4,942.95,0,0,0,23348.8,1,1,650.9153023
1,6,1002.71,0,1,1,26478.15,2,0,420.8366003
2,8,834.85,0,1,1,16956.43,0,0,302.893914
2,7,868.06,1,0,0,26477.51,0,1,551.787806
1,5,684.37,1,0,1,33920.09,0,1,570.8432625
1,4,691.12,1,1,0,47090.5,0,1,698.066295
4,4,801.12,0,1,0,11182.68,2,1,606.3941555
2,7,825.89,0,1,0,35389.76,0,1,535.0685342
0,5,606.3,1,1,1,23623.36,1,0,558.7426381
2,7,1046.44,0,1,1,28452.41,1,1,630.6312016
1,3,550.83,0,1,0,27439.6,2,1,586.4738462
2,2,670.35,0,1,1,16868.7,2,1,669.0412069
2,3,800.93,1,1,1,26743,0,1,746.518128
2,6,881.87,1,1,0,8927.86,0,1,720.1093318
3,5,772.83,0,1,1,31214.57,0,1,658.2630834
1,3,730.49,0,0,0,29719.32,1,1,549.545373
0,4,844.57,1,1,0,26500.91,1,1,880.8234158
4,2,737.62,1,1,1,35443.13,3,1,1018.807208
2,6,643.98,0,0,1,20385.97,0,1,457.5240621
1,5,587.1,0,0,1,12899.98,1,1,531.2852754
3,9,681.31,0,0,1,36553.92,1,0,363.393724
0,4,857.96,0,1,0,13955.21,0,0,300.1616797
3,6,792.56,0,1,0,23087.74,2,1,812.8427609
1,3,938.51,1,1,0,17284.03,2,0,495.1024651
3,6,865.67,0,1,1,35757.27,0,0,393.6225296
3,5,1087.35,0,1,0,38651.2,1,1,662.5452582
3,8,669.97,0,1,0,22952.21,1,1,553.4463821
1,5,635.28,0,1,1,21549.44,1,0,481.9255305
1,4,608.51,0,1,0,34811.43,2,1,776.9682302
2,9,937.63,0,1,1,10770.83,2,1,836.0758367
2,5,904.92,1,1,0,5801.91,0,1,710.6763872
1,7,788.73,0,1,1,15850.7,0,1,676.9253264
2,1,939.97,0,0,1,27136.17,1,0,387.3232973
1,6,895.91,0,0,0,18822.41,1,0,222.2247631
2,4,690.85,1,1,1,10227.04,0,1,813.9892299
1,5,888.32,0,1,1,36802.71,1,1,603.1229602
2,4,549.95,0,1,0,34362.91,1,1,605.9595005
0,5,1046.68,1,0,1,21197.44,1,1,801.7182161
4,4,869.29,0,1,0,7682.1,1,1,534.148012
3,3,927.71,0,1,1,28285.37,0,1,581.3758404
2,3,1102.5,0,1,1,20783.2,1,0,409.1240787
1,5,1031.06,1,1,0,38350.58,3,1,1066.594425
3,3,769.77,0,1,0,15884.25,2,0,536.8192042
1,5,658.94,0,1,1,28110.64,2,1,818.8201127
3,4,660.55,0,1,1,43636.94,0,1,616.4123284
2,7,664.49,1,1,0,33094.49,1,0,590.0817935
1,6,701.3,0,1,0,37684.67,0,0,250.9313184
2,5,963.07,0,1,0,44918.46,2,0,494.0189081
3,5,993.23,0,1,0,31536.8,1,1,752.0093749
2,7,974.28,1,0,1,9282.02,0,1,630.8952742
2,3,731.11,0,1,1,20693.18,0,0,245.2243408
4,1,862.33,0,1,0,20098.58,1,0,272.8650264
1,2,708.64,1,1,0,34663.71,1,0,562.0554916
1,5,612.54,0,0,1,20217.23,2,0,442.1168544
1,7,840.81,0,0,0,30684.89,0,0,226.4556426
1,2,680.57,1,1,1,4884.15,0,1,617.8314193
2,8,790.51,1,1,0,24854.53,1,1,905.4282995
0,6,979.89,1,1,0,14522.36,3,1,914.6161758
2,4,972.95,0,1,1,34625.01,3,1,829.2913526
3,2,676.98,0,1,0,22900.94,2,1,711.565416
2,3,581.22,0,1,0,29023.85,1,1,572.7088478
3,5,1166.71,1,1,1,13738.55,1,1,926.7304853
2,2,924.17,0,1,0,16058.13,0,0,279.7438394
2,4,996.35,1,1,1,37360.13,1,0,571.2180811
3,6,1097.89,0,1,1,22277.67,2,1,709.3098138
2,6,548.8,0,1,0,27080.23,2,0,543.9354184
3,7,981.26,0,1,1,-526.54,3,1,783.5255785
0,4,904.53,1,1,1,56531.08,0,0,583.2398175
2,4,835.05,1,1,1,-90.52,0,1,794.614
3,6,786.93,0,1,1,17196.35,0,1,568.6786069
0,4,1185.36,0,1,1,28864.24,0,1,662.1393949
2,4,534.15,1,1,0,24618.26,1,1,682.4090632
2,6,700.94,1,1,0,18591.7,0,1,679.1481048
2,6,662.82,0,1,1,20919.1,2,1,656.4575669
2,7,860.15,0,1,0,39465.64,2,0,509.0291588
4,7,709.59,0,1,1,18900.25,1,0,350.8113244
0,9,843.85,0,0,1,22729.18,1,1,577.2556066
1,6,948.47,0,1,0,25758.26,2,0,474.1761551
2,6,750.79,0,1,1,22787.4,3,1,888.2096974
3,3,571.3,0,1,0,27899.3,0,0,294.6957175
3,5,942.5,1,0,1,15292,0,0,400.7263335
2,1,560.7,1,1,0,26586.82,1,0,456.862551
1,6,701.89,0,1,1,32896.78,0,0,366.0123683
3,5,1074.9,0,0,1,26420.49,1,0,309.3080252
1,7,892.85,0,1,1,15912.6,1,0,373.8729471
1,8,848.04,0,1,1,18347.8,1,1,696.6311855
2,4,749.44,0,1,1,21510.21,2,0,483.1073489
3,7,754.59,1,1,0,30996,1,0,522.8448179
1,4,821.37,0,0,1,14991.02,0,1,463.5323308
3,7,916.95,0,1,1,19975.74,2,1,782.7341353
2,6,898.26,1,1,1,15825.46,0,0,524.5383396
2,5,593.12,1,1,1,25339.76,1,1,780.9526325
3,2,752.36,0,1,1,9371.77,3,0,609.0749818
1,3,757.73,1,1,0,22432.58,2,1,915.4694544
4,8,635.78,0,1,1,24609.66,0,0,432.3340355
3,6,676.79,0,0,1,21962.35,1,1,583.2890522
3,7,827.01,0,1,1,26537.74,0,0,432.2673572
2,7,606.43,1,1,0,16225.94,2,1,850.4622698
0,1,557.07,1,1,1,7525.82,1,1,800.1079434
1,4,942.08,0,1,1,27218.13,1,1,616.0944936
1,6,833.6,0,1,0,28663.06,0,1,547.9316486
2,8,813.67,1,1,1,15648.87,2,0,621.6985441
2,6,361.13,0,0,1,28218.63,1,0,441.8739292
2,5,711.94,0,1,1,19210.78,1,0,418.5082516
1,7,696.3,0,1,0,30768.18,1,1,532.4827927
2,6,599.88,0,1,1,24223.48,0,1,494.1409317
1,7,661.46,0,1,1,31908.08,1,0,444.270298
3,6,704.81,0,1,0,20227.31,0,0,189.435056
2,4,828.85,0,1,0,-1048.77,2,0,382.6288977
2,7,915.66,0,1,0,8824.44,0,1,436.7547868
0,4,906.78,0,1,0,24609.42,2,1,793.7354241
3,4,916.19,1,1,0,19258.73,2,1,971.6818099
3,8,631.54,0,1,1,12107.02,1,1,756.0872302
1,4,802.95,0,1,0,47110.28,1,0,410.3066595
2,1,597.39,1,1,0,20184.42,1,1,769.0576612
3,9,744.67,1,1,1,26095.19,1,1,788.4536996
0,2,840.99,1,1,1,26297.68,2,0,663.8351392
1,6,1066.39,1,0,1,47483.47,1,1,748.8090585
3,5,820.39,0,1,1,9501.99,2,1,787.2543942
3,7,824.91,1,0,0,20618.16,3,1,931.0142392
0,2,702.84,0,0,1,23958.43,0,1,475.0254414
2,2,653.43,1,0,1,25127.72,1,1,769.0218418
2,5,663.28,0,1,1,32704.18,1,1,650.4666246
0,5,780.22,0,1,1,14164.11,2,1,818.3629448
2,6,911.58,1,0,1,36316.9,1,0,475.0777396
2,5,244.4,1,0,1,39823.7,2,1,858.6716877
2,5,674.53,0,1,0,16451.23,0,0,163.3647714
3,5,1019.52,1,1,1,21532.89,1,1,760.5243042
1,1,515.34,0,1,1,11753.98,0,1,460.1106084
1,5,584.85,0,0,0,2108.61,0,1,440.8124498
4,7,900.39,1,1,0,22294.67,1,1,883.6118169
4,6,829.15,1,1,0,18777.36,2,1,833.1895497
2,4,814.28,0,1,0,34929.14,1,0,418.7832479
1,8,895.34,1,1,0,36314.02,1,0,532.7216015
2,6,911.72,1,1,1,24762.94,0,1,845.9697556
4,7,770.68,1,0,0,24871.18,0,1,714.209685
1,3,824.05,0,1,0,38321.36,3,1,784.1259379
5,3,750.58,0,0,0,13397.44,0,1,439.5910043
1,9,835.59,0,1,0,44083.19,0,1,580.1261035
1,2,791.78,1,1,0,27267.91,2,1,882.6201297
3,5,879.29,1,1,0,24582.51,3,0,748.8892048
0,4,1116.41,0,1,1,19658.51,3,0,585.5771094
2,3,698.84,0,0,0,26577.03,1,1,442.226251
2,5,842.02,0,1,1,36015.54,2,1,837.8105896
2,6,787.1,0,1,1,29109.56,4,0,803.503396
4,3,720.31,1,0,1,22691.55,2,1,849.2852361
3,5,773.66,1,0,1,35807.59,0,1,770.5384418
2,2,1075.89,0,0,1,16451.71,0,0,357.7844607
2,4,772.33,0,0,0,31731.94,2,1,531.610463
2,5,662.58,0,1,1,22932.87,1,1,783.0543301
1,8,843.47,1,1,1,33015.78,0,1,770.5757588
3,6,551.32,0,1,0,40545.49,1,0,371.2366143
1,5,831.82,1,1,1,28563.2,0,0,471.8930473
1,4,870.57,0,1,0,10237.39,1,1,516.0465127
2,7,786.06,0,1,0,35869.9,2,1,656.3058064
2,9,759.64,1,1,1,19296.1,1,0,635.9161227
2,6,520.46,0,1,0,38685.23,3,1,878.2533167
2,7,811.63,0,1,1,47453.09,2,1,700.2187487
2,5,974.83,1,1,0,18894.52,2,1,976.3125412
1,5,836.06,1,0,0,24032.65,0,0,253.1077251
1,5,812.24,1,1,1,19179.15,0,1,795.716107
1,8,1055.17,1,1,0,15189.3,1,0,540.8191009
3,11,555.62,0,0,1,52765.1,0,1,481.3082327
2,10,1064.73,0,1,1,27339.04,1,0,455.7820163
2,5,771.82,0,1,1,26668.29,2,1,879.250475
1,6,801.99,0,1,1,22542.9,1,0,325.9106886
3,6,730.36,0,1,1,19302.3,1,1,744.2576233
2,6,753.22,1,1,0,15696.01,0,1,600.6084664
1,4,877.23,0,1,1,33337.88,1,1,701.0286772
4,5,762.6,0,0,1,12326.43,0,0,337.6202412
2,5,778.5,0,1,0,26252.68,2,0,492.8836598
3,7,725.84,0,1,1,18666,2,0,497.5142581
2,1,661.54,1,1,1,40260.49,0,1,747.1459665
2,4,504.24,0,1,0,25193.6,1,0,264.9235721
2,4,825.94,1,0,1,27846.65,2,0,492.5951271
1,3,634.29,1,1,0,38155.18,0,1,612.9389668
2,2,736.14,1,1,1,36618.88,0,0,516.7114435
3,1,851.93,0,0,0,16419.26,1,1,567.0406852
1,7,528.29,1,1,1,34288.53,0,1,763.6057424
2,4,586.48,0,1,1,28153,0,1,620.7240903
0,6,620.29,1,0,0,31055.69,1,1,747.975083
1,8,957.95,0,1,0,34888,2,1,795.4947438
2,5,583.22,1,1,0,19597.04,1,0,609.8191917
3,7,729.7,1,1,0,29004.38,0,1,668.9365583
2,10,606.2,1,1,1,31577.13,1,0,540.1462009
3,7,601.03,0,1,1,23941.9,1,1,709.0986932
1,7,935.01,0,1,1,27243.07,2,0,599.035737
2,8,652.2,1,0,0,10756.64,3,0,530.3150711
3,4,743.58,0,1,1,17822.06,0,1,503.9412205
1,6,889.06,0,1,1,-1576.44,1,0,308.8392937
4,6,681.32,1,1,0,13481.07,1,1,875.3330171
0,6,949.59,0,0,0,5200.62,3,0,509.1269886
2,7,509.38,0,1,0,46025.99,0,1,654.935881
2,6,888.47,1,1,0,27854.32,2,0,592.0069616
2,9,747.74,0,1,0,21937.54,2,0,372.4623946
2,7,770.67,0,1,0,19771.94,3,1,727.699264
3,5,634.83,1,1,1,16128.76,3,0,773.7381173
2,8,605.21,0,0,1,34695.89,2,1,680.9557555
3,4,695.24,0,1,0,26862.82,0,1,598.5220013
1,2,694.55,0,1,1,8498.6,1,1,749.7065498
3,5,798.92,1,1,1,20900.09,2,1,844.2098201
1,5,595.7,1,0,0,18885.43,1,1,705.26141
2,7,957.28,1,1,0,18063.68,0,0,356.9823471
3,5,845.62,1,0,1,28938.08,1,0,464.2619137
4,8,765.55,0,1,1,17127.48,0,1,664.0208157
2,3,1063.48,0,1,0,20030.28,1,1,658.96488
1,6,950.08,0,1,1,19782.36,2,0,531.746352
1,4,733.47,0,1,0,29943.51,2,1,616.2416058
1,5,889.54,0,1,1,8708.73,2,0,388.581916
2,6,931.66,1,0,1,22386.93,1,0,618.0101314
1,9,879.67,0,1,0,34346.14,1,0,329.5749611
1,2,768.1,0,0,0,14810.27,2,1,658.1067631
3,6,891.78,1,1,0,32648.4,1,0,506.4166424
2,5,742.32,1,1,1,30714.7,1,1,904.6661343
1,1,965.07,0,1,1,25904.59,2,0,396.6605482
0,6,686.45,1,1,0,46078.72,1,0,645.2169791
1,5,961.91,1,1,0,27755.02,0,0,462.4141799
2,5,1069.87,1,1,1,25057.67,0,1,748.3173904
3,8,867.34,1,1,1,28403.65,1,0,541.3948634
3,5,686.58,0,1,0,44804.64,0,0,211.2372842
2,4,1015.45,0,1,0,24516.2,1,1,568.6443874
1,2,669.69,1,1,1,24973.46,0,0,360.5414968
2,3,626.42,1,1,1,19085.43,0,1,717.4590393
1,3,1072,1,1,1,10174.71,0,1,810.7030552
2,4,865.04,1,1,1,18391.27,0,1,687.2943681
1,4,688.98,0,1,1,36571.26,2,1,829.9556872
1,5,785.52,0,1,1,17110.12,0,1,620.1852373
2,0,797.67,1,1,1,19047.93,2,0,738.1287339
4,4,846.15,0,1,0,35945.14,0,1,483.5747113
2,4,773.2,0,1,0,34162.2,1,1,683.0314774
2,9,998.93,0,1,1,34392.57,0,1,567.5890889
4,5,868.58,0,1,0,6788.84,2,0,385.8379213
2,7,751.99,0,1,1,13348.51,1,0,356.8761726
2,2,666.58,1,1,1,27716.53,1,0,530.3579115
2,5,901.61,1,1,1,30061.2,1,1,920.8554234
2,4,902.76,0,1,0,14608.19,1,1,589.4088653
2,2,796.83,0,0,1,13898.86,0,1,596.4693406
3,5,642.72,0,1,0,25405.56,0,0,177.9914984
2,4,832.37,0,1,1,6343.89,2,0,529.5110533
2,5,988.29,1,1,1,41764.78,2,1,1053.388332
1,6,682.29,1,1,1,23078.73,0,0,498.0954245
2,4,838.84,1,1,1,38464.04,3,1,1022.602211
1,5,890.73,0,1,1,30770.24,3,1,805.6731421
2,2,752.77,0,1,1,21188.82,0,0,319.4338803
3,4,748.97,0,0,0,31973.67,2,1,579.2376011
1,9,572.76,1,1,1,35408.69,3,1,992.3211182
2,4,936.44,1,1,0,6757.32,3,1,1002.382506
2,5,943.71,0,0,0,26873.88,2,0,286.6848998
0,5,868.52,0,1,1,17440.95,0,0,228.9513502
2,4,885.58,0,0,0,34893.47,1,0,286.5175008
1,3,519.84,0,1,1,20211.03,0,0,313.3258246
2,3,958.46,0,1,1,28827.97,2,1,879.0225319
1,6,699.62,1,1,1,31778.47,0,1,684.8009986
3,6,709.33,0,1,0,18368.07,0,0,357.9913013
2,1,835.9,0,1,1,24741.96,0,0,348.9191531
0,5,669.56,0,0,1,29937.32,1,0,417.4897091
1,7,1090.44,0,0,0,32838.33,1,1,686.8929503
1,8,535.6,1,1,1,30021.33,0,0,583.1157672
3,7,771.06,1,1,1,19482.65,0,0,475.4273047
2,4,1147.92,0,1,0,17006.08,1,1,592.7914215
2,7,938.86,1,1,0,16126.88,2,1,952.3731744
2,5,947.73,0,1,0,31293.59,1,0,370.0732256
3,6,848.71,0,1,0,12959.34,0,1,434.7184162
3,6,958.96,0,1,0,19078.68,2,1,641.4128171
2,4,687.94,0,1,1,24203.05,1,0,400.5461624
3,5,811.93,0,1,1,38603.17,0,0,294.0904538
1,3,988.94,0,1,1,15642.66,1,1,586.9327672
2,3,703.79,0,1,0,42236.78,0,1,437.3865138
4,3,534.57,1,1,1,23102.74,2,0,704.0986425
3,4,878.4,0,1,0,25774.32,1,1,602.1315135
1,2,795.15,0,1,1,26411.26,1,1,752.286137
3,6,693.03,1,1,1,28093.23,2,1,934.077732
2,1,984.8,0,1,0,24249.31,2,1,687.4601268
0,5,591.87,0,1,1,20541.51,1,1,599.3302284
0,6,803.83,0,1,0,25585.89,2,1,606.2907617
4,5,627.4,1,1,1,23288.42,1,1,738.9335159
4,5,695.95,1,1,1,19703.61,2,1,961.7419174
0,3,698.83,0,0,0,13817.63,0,0,97.54415048
2,4,1106.99,0,1,0,10691.95,1,1,587.9219078
1,5,702.04,0,0,0,31462.81,1,1,486.6259769
3,6,695.68,0,0,1,24977.27,0,0,175.8872951
-1,5,806.5,1,1,0,10799.59,0,0,450.2527975
2,4,1111.85,1,1,1,30600.54,1,1,852.0437297
1,3,966.98,1,1,0,13996.33,0,0,515.2099622
3,7,696.91,0,0,1,14380.37,1,0,393.295424
3,3,720.13,1,0,1,49294.85,2,0,707.5992954
1,5,793.79,1,1,0,26738.67,1,1,874.3112671
2,2,830.26,0,1,0,16432.02,1,1,611.4857718
5,5,1016.56,0,1,0,31100.16,1,1,640.2037452
3,5,775.72,0,1,0,18999.34,3,1,751.7374997
1,2,977.21,1,1,1,20664.1,0,1,666.6387167
3,1,642.96,0,1,1,13626.5,0,1,660.1753471
2,6,792.67,1,0,0,46841.59,1,1,637.1154677
3,3,723.66,1,1,0,8771.54,2,1,858.9900897
2,5,690.67,1,1,1,39842.83,1,1,871.4528249
1,5,903.23,1,1,0,20150.28,1,1,765.7981799
3,8,684.81,1,1,0,24404.43,1,0,608.3808917
2,3,1004.21,0,0,0,13647.46,0,0,166.9937444
0,2,795.29,1,1,0,36365.17,2,0,671.8826055
3,3,835.89,1,1,1,14067.73,2,0,668.5183784
3,3,786.47,0,0,0,15641.6,1,1,475.0078264
3,1,714.14,1,1,0,13262.51,0,1,616.8931693
3,7,699.63,1,1,0,16616.36,2,1,894.7379361
3,7,1130.5,0,1,0,32998.19,1,0,423.8210781
1,5,929.73,1,1,1,44518.73,0,0,502.6093068
1,9,834.03,1,0,1,24583.35,1,1,820.7227302
2,6,674.74,1,1,0,36430.8,1,0,486.9715659
2,6,733.45,0,0,1,20701.74,1,1,714.1986266
0,1,974.21,0,1,1,32363.36,1,0,447.4180752
3,4,941.85,1,1,1,27887.61,2,0,658.3205735
3,5,732.97,0,1,1,27439.77,1,1,652.8906719
1,4,663.37,0,1,0,19092.23,1,0,393.5284601
0,4,699.81,0,0,1,22303.66,1,1,688.030491
2,2,1136,1,0,0,22178.75,1,0,550.8021215
4,4,1041.18,0,1,0,20060.1,0,1,461.538505
3,5,773.02,0,0,1,31408.38,2,0,378.701623
3,5,1084.52,1,1,0,1587.7,1,0,456.2568712
1,5,790.71,0,1,1,37050.82,0,0,363.3388403
4,4,516.43,1,1,0,20372.66,1,0,467.3926921
3,6,1057.52,1,1,0,16420.09,1,0,525.7221986
2,2,760.93,0,1,0,17974.11,1,1,583.4380802
2,8,807.56,1,1,0,22984.61,0,1,710.7783943
2,3,1034.6,0,1,0,28074.6,0,1,464.5967688
2,5,861.43,0,0,1,28405.85,0,1,498.6166918
1,5,900.45,1,0,0,15115.43,1,1,701.7641089
0,6,737.19,0,1,1,17451.85,3,1,862.0775316
2,4,854.11,0,1,0,25119.88,1,1,556.3738439
1,3,786.13,0,1,0,28819.69,1,1,526.4591714
2,5,547.37,1,1,1,16397.97,1,0,652.8610003
2,3,752.63,0,1,1,16120.11,2,0,523.8907991
2,4,699.42,0,1,0,24008.13,0,1,472.7264476
1,4,705.27,0,0,1,32894,1,1,655.0841218
2,5,924.54,0,1,0,15145.56,2,0,458.8166016
2,6,862.53,0,1,1,36313.84,1,0,430.6294796
2,7,687.45,0,1,1,19574.41,0,1,558.7522908
0,5,928.69,0,1,0,26182.2,0,1,624.6922853
2,8,1018.86,1,1,1,13611.22,2,1,961.6759939
3,7,786.75,0,1,1,41083.05,1,1,706.6813583
1,2,924.05,1,0,1,11499.93,1,0,540.0761456
3,5,579.46,1,1,0,37876.75,0,1,682.7549371
3,5,831.08,0,1,0,10099.02,1,0,428.551325
2,4,717.39,1,1,1,19565.61,1,0,473.206906
3,4,640.71,1,1,0,41718.43,1,0,572.901644
4,6,691.92,1,0,1,7902.71,1,1,745.783748
1,4,893.34,0,0,1,37558.92,1,0,434.3125097
1,7,904.79,1,1,0,29416.5,0,1,793.6899716
1,5,699.25,1,1,0,28249.71,2,1,941.2855214
3,7,643.43,1,1,0,12380.29,0,1,749.1865098
2,9,1113.99,1,1,0,28093.77,2,0,609.2879406
1,5,735.06,0,1,0,29839.01,0,0,356.9985167
1,3,808.19,0,1,0,28898.87,0,1,508.9257612
1,4,755.02,0,1,1,34067.78,2,1,696.9320827
0,2,764.65,1,1,0,11027.89,1,1,839.1338896
1,5,571.11,0,1,1,29918.34,2,0,561.2457488
1,6,986.3,0,1,1,28032.2,0,0,434.8873127
2,5,726.25,1,1,0,29213.75,0,1,791.0802607
0,9,856.15,0,1,0,26546.13,1,1,555.3269443
3,8,698.03,0,0,0,28833.16,0,1,539.7390272
1,5,846.64,1,1,1,13971.01,2,1,962.4759404
3,4,679.48,0,1,0,42422.59,2,1,775.7525413
3,1,767.12,1,1,0,24635.02,1,0,511.1914351
3,5,650.6,0,1,0,23861.79,0,1,543.0623118
3,5,758.62,0,1,0,28484.97,1,0,282.0730577
2,6,849.08,0,1,1,25230.29,2,0,551.5703553
2,4,784.79,0,1,1,25128.15,2,1,709.3422097
3,6,733.48,0,1,0,22880.75,1,0,289.727488
4,8,607.15,1,1,1,40047.03,1,1,884.6862449
2,7,652.57,0,1,0,25566.98,1,1,660.2078757
3,2,695.3,0,1,0,28278.67,0,1,535.0481464
1,5,874.65,1,1,1,20070.34,1,1,823.5053303
2,4,717.42,0,0,0,18993.48,2,1,595.2475269
1,4,778.09,0,1,0,31208.61,1,1,684.9239938
2,7,932.1,0,1,1,24188.14,2,0,499.3299628
1,4,622.28,0,0,0,27825.25,1,0,344.9279635
2,4,755.57,0,1,1,19598.82,1,1,679.2632007
1,5,869.58,0,1,1,13976.87,0,1,545.19653
1,4,630.91,0,0,1,29720.86,0,1,501.4505145
1,5,761.19,1,0,1,31943.79,1,1,869.5514892
1,3,886.07,0,1,1,22982.15,1,0,448.3860326
3,7,867.73,0,1,0,23413.83,0,0,266.5493575
1,4,883.64,1,1,1,39365.49,1,1,771.8986153
4,5,870.48,0,1,1,38274.33,0,0,401.553697
2,5,1024,1,1,0,23140.23,1,1,798.8415518
2,5,716.73,0,1,1,51.85,1,0,359.9484974
2,6,578.78,0,1,0,35741.32,2,1,691.275315
1,5,602.68,0,0,1,18477.49,1,0,364.9896195
0,6,892.43,1,1,1,21027.82,1,1,727.3685723
3,5,1064.88,1,1,1,20596.74,0,1,767.093111
0,4,963.1,1,1,0,20828.59,3,1,986.6975166
1,5,824.09,0,1,1,32799.66,0,1,589.5633109
1,5,1032.83,1,1,1,34453.53,1,1,787.5294336
3,4,675.74,1,1,0,21394.01,1,1,869.2543121
1,3,956.4,1,1,0,13342.48,2,0,506.0592641
2,9,835.64,0,1,0,19603.28,0,1,488.1886059
1,5,689.15,0,1,1,30570,2,1,841.1148197
2,5,875.28,0,1,0,28512.28,2,1,699.819949
3,2,750.75,0,1,1,17242.08,1,1,592.2714082
3,6,751.4,0,0,1,21288.94,2,1,805.8326737
2,2,852.38,0,1,0,25600.11,2,0,395.8549112
1,4,677.17,0,0,0,22290.57,2,1,572.6231332
3,3,1027.08,0,0,0,13333.28,1,0,218.0463638
2,1,967.37,0,1,0,28745.23,2,1,672.1716595
1,4,688.61,1,1,0,4994.76,0,1,763.9650128
3,6,770.58,0,0,0,11919.18,1,1,618.7553799
0,3,649.56,1,1,0,24884.65,0,1,653.0106592
2,4,811.69,0,1,1,39518.02,2,0,499.1541336
2,4,766.01,1,1,1,16610.41,0,1,729.8771486
4,6,893.72,0,1,1,24822.96,0,0,376.4520199
2,5,750.74,0,1,0,29119.48,1,1,566.9710993
1,5,841.03,1,1,0,28153.11,3,0,799.1545397
2,4,1015.02,0,1,0,37069.58,0,1,554.2658183
2,8,825.89,1,1,0,31592.5,0,1,754.729268
2,5,753.92,0,1,1,13236.41,1,1,687.4220662
0,7,703.67,0,1,1,26051.29,1,1,686.8261898
3,8,711.82,0,1,1,19788.33,1,1,678.4015618
4,3,732.57,0,0,1,23679.47,0,1,560.2871201
3,2,864.51,0,1,1,25012.42,0,1,480.8326846
3,4,724.01,0,0,0,34647.94,1,1,517.1574095
3,0,747.69,0,1,1,26251.25,2,1,758.3134216
4,5,757.58,0,1,0,18735.41,3,1,715.2620444
2,6,669.82,1,1,1,13241.11,1,1,827.0572264
2,4,511.18,0,0,1,24732.64,0,1,412.9688218
1,5,390.65,1,1,1,21047.34,3,1,984.0387802
3,6,665.16,1,1,0,19141.79,1,1,738.4249718
2,7,944.15,0,1,0,49063.95,1,1,610.7776416
1,3,443.63,0,1,1,20706.53,1,1,715.6422847
1,2,684.1,1,1,0,28602.42,1,0,504.7278098
2,8,682.47,0,1,0,28083.17,1,1,536.4161256
3,2,729.58,0,1,1,24148.75,3,1,935.0084535
2,4,1033.89,0,1,1,33497.88,1,1,733.9495611
1,5,525.89,0,1,0,31088.66,1,0,347.7321872
-1,8,696.99,0,1,1,13396.89,0,0,322.3817726
3,3,761.02,0,0,1,35086.09,1,1,520.6575629
2,7,746.7,0,1,0,16581.48,0,0,300.4335454
1,6,694.81,0,1,1,31686,2,0,566.6484087
2,6,761.41,1,0,1,34722.1,1,0,417.9645682
3,0,724.04,1,1,0,30385.25,1,1,804.8891237
4,5,545.39,1,1,0,20700.19,0,0,353.2666057
4,6,835.63,0,1,0,11469.2,2,1,718.2225636
1,2,1004.55,0,1,1,18973.76,1,0,361.3138823
3,3,776.97,0,0,1,27194.27,2,1,593.6745546
4,9,770,0,1,1,26072.34,0,1,621.9227847
1,4,834.24,0,1,1,31470.86,1,1,775.9264744
0,5,543.82,0,1,0,21678.79,2,0,475.8695502
2,4,863.94,0,1,1,28760.84,3,1,922.5504972
1,9,1040.6,0,1,1,27620.24,0,0,446.45579
2,4,989.18,0,0,1,12491.63,0,1,605.2095038
3,5,615.59,1,0,1,27163.95,1,0,504.4878011
1,4,706.03,1,1,0,24016.9,2,0,630.1971374
3,8,867.52,1,1,1,20593.2,0,0,583.7230559
4,4,724.42,1,1,1,29061.4,1,1,869.8259693
3,6,771.15,0,1,0,13999.58,2,0,362.149647
1,2,883.09,1,1,1,21622.9,1,1,842.963205
2,6,874.2,0,0,0,36903.03,1,0,396.8999552
2,7,889.54,1,1,0,41049.77,0,0,416.7785561
1,3,644.34,0,1,0,29411.13,1,0,349.3330573
3,6,723.02,0,0,1,25843.01,0,0,244.0172693
3,-1,673.71,0,1,1,30987.64,0,1,510.6912092
3,7,832.49,0,1,0,10054.41,1,0,366.9861294
1,6,896.52,1,1,1,10853.42,0,1,768.9255618
3,1,773.71,0,0,1,16025.37,0,1,405.2861068
2,2,872.1,0,1,1,14693.76,2,1,695.5033362
4,4,751.46,0,1,0,29637.91,2,1,720.9022472
3,3,1118.29,0,1,0,5037.37,1,1,606.0078796
3,3,1007.11,1,1,0,16240.07,1,1,779.3499658
2,4,680.77,0,1,0,33587.08,1,1,519.901034
1,7,804.29,0,1,0,33096.67,1,1,720.5930273
2,9,996.07,1,1,0,23587.13,3,0,744.9913096
2,2,767.13,1,1,1,25828.96,1,0,552.0702558
3,5,1189.12,0,1,0,23070.28,0,1,473.8204534
3,8,998.26,0,1,0,13845.18,1,1,717.6134248
2,4,890.88,1,1,0,42381.17,1,0,490.8506047
2,3,541.84,0,1,0,1220.02,2,1,748.3442502
2,4,871.99,0,0,1,34261.62,1,0,397.3597228
1,6,537.8,1,0,1,14009.7,4,1,1083.726891
1,5,813.13,0,1,0,21015.26,2,1,640.9150403
2,7,842.86,0,1,1,19564.25,1,1,602.1022346
2,3,971.81,1,1,1,34339.53,3,0,821.8827095
0,3,872.07,0,1,0,27389.26,2,1,641.3209105
1,6,769.82,0,1,0,32041.19,0,1,557.4036778
3,8,640.76,1,1,0,18882.26,0,1,748.3323293
1,6,1129.49,0,1,0,25438.6,3,1,862.0787587
1,6,523.18,0,1,1,13750.91,0,1,474.0016832
2,5,842.97,0,1,0,16908.09,3,1,806.4929143
1,4,605.37,0,0,0,20308.74,1,0,343.1304848
1,6,889.07,0,1,0,17023.78,0,0,307.2322844
2,7,1002.39,1,1,1,24347.73,2,1,930.4058197
3,10,875.56,0,0,1,24743.19,1,1,682.6718095
2,5,633.56,1,1,1,28722.73,0,0,553.7611718
1,7,691.1,1,1,0,25467.6,1,1,855.5163868
2,5,806.86,0,1,0,25091.68,3,1,800.4168675
1,5,853.32,1,1,1,42468.81,2,1,969.2387888
2,2,700.66,0,1,0,20510.12,0,1,553.7077885
2,4,984.69,0,0,0,37668.45,0,1,392.8620063
3,6,679.75,1,0,0,14771.53,3,1,887.116791
1,6,865.22,1,1,1,15528.65,0,0,584.4865908
1,4,840.52,0,0,0,41247.78,2,1,642.7807314
1,4,613.78,0,1,0,27295.77,2,1,637.6792316
3,3,905.05,1,0,1,45935.96,1,1,786.9905334
2,7,1047,0,1,1,3359.25,0,1,563.1202692
1,2,1091.52,0,0,0,38467.38,2,1,599.9171244
1,6,558.97,0,1,1,26922.51,2,1,867.2113868
1,6,1119.47,0,1,1,16472.94,1,1,719.1523913
0,2,573.02,0,1,0,26570.86,1,1,541.1080977
0,4,1109.07,0,1,0,27082.45,2,1,779.8866628
1,6,849.33,0,0,1,21189.48,3,0,487.251743
2,6,799.96,1,1,1,32253.73,1,1,805.9709803
3,5,777.46,1,1,0,20678.7,1,0,452.2171764
2,2,984.38,0,1,0,30375.05,2,0,505.7858724
2,4,888.96,0,1,0,22313.49,0,1,635.0349124
1,6,847.09,0,1,1,30523.26,2,0,526.1979671
3,7,579.13,0,1,1,18816.96,2,0,587.9931666
2,4,768.52,1,0,0,12245.13,0,1,594.5649672
1,5,862.96,0,1,1,30335.85,0,0,235.0878886
2,5,648.93,0,1,0,25351.52,1,1,732.5346668
3,5,894.94,0,1,1,44634.72,0,1,636.1297173
2,5,961.45,1,1,0,13474.32,0,0,427.6573919
3,6,877.3,1,1,0,21952.31,2,1,810.6254768
2,1,834.1,0,1,0,20873.18,0,1,428.8262919
1,5,680.21,0,1,0,30484.49,0,1,495.1803516
3,6,785.44,1,1,0,33992.03,0,0,510.1875934
3,6,844.47,0,1,0,18796.71,0,1,450.4369418
0,5,715.93,0,1,1,20897.96,1,1,647.9434861
3,1,741.72,0,0,0,30486.35,3,0,540.5141363
1,6,1056.3,0,1,0,33057.16,2,1,650.9976783
2,2,775.24,1,0,0,34972.12,1,1,635.2988026
3,6,681.24,0,1,1,16854.39,1,0,387.5938265
3,7,944.98,1,1,1,23591.03,1,1,805.4482994
2,4,1128,0,1,1,37439.39,1,1,644.1445341
2,6,809.14,0,1,0,11989.09,1,1,574.6268913
2,7,847.06,1,1,0,31317.85,1,0,645.181718
2,2,924.05,1,0,0,37.78,0,1,669.4731768
0,4,638.7,0,0,1,22741.98,1,1,606.5647402
3,3,677.62,1,1,0,16189.31,2,0,702.7783759
1,6,789.43,0,1,1,45243.6,0,1,693.8246471
1,6,1113.17,0,1,0,22116.9,2,0,404.0829903
2,2,745.55,0,0,1,14794.44,0,1,408.8352928
3,4,485.29,1,0,0,25695.76,1,0,446.9125902
2,6,968.84,0,1,1,9788.09,1,1,768.370068
1,6,866.08,1,1,0,12959.37,1,1,781.5239133
3,10,496.23,0,1,0,15633.05,1,0,455.0492404
1,8,666.17,0,1,1,50110.52,2,1,742.3798151
2,5,503.2,1,1,0,21514.42,2,1,902.630464
1,2,845.99,0,1,0,18394.7,0,1,571.0398786
2,6,756.78,1,0,0,25382.09,0,0,323.9576779
2,4,693.64,1,1,0,22786.52,1,1,821.4638294
3,6,1005.53,1,1,0,28894.24,3,1,917.2148836
3,4,882.3,1,1,1,22055.03,0,1,825.7049777
2,3,876.92,0,1,0,35764.37,1,1,581.4853804
1,6,701.75,0,1,0,17440.23,0,0,289.2376328
3,4,784.66,1,1,0,22990.62,1,0,413.4531972
2,3,808.05,0,1,1,11855.19,0,1,503.4281079
2,3,653.71,1,1,0,32657.08,0,0,486.0989181
3,1,593.11,1,0,0,36125.38,0,0,412.1831905
2,6,503.58,0,1,0,25547.56,3,0,509.1694236
3,10,885.17,1,1,0,40972.21,1,0,505.9184372
2,4,724.91,0,0,1,15450.67,0,1,532.1316101
3,6,510.57,0,1,1,25751.31,2,0,545.4339181
1,4,739.46,1,1,0,37974.81,3,0,785.6461325
2,5,659.68,0,0,1,27161.28,1,1,587.5861556
0,4,591.84,0,1,0,26173.34,1,0,305.36883
4,7,877.12,0,1,0,38695.89,1,0,342.700941
3,4,854.5,0,1,1,-1177.42,2,1,694.5358411
2,6,824.3,0,1,0,33636.63,1,1,692.4349936
2,6,862.32,1,0,0,36173.24,1,1,765.0175452
0,7,775.05,1,0,1,19339.03,1,0,594.2070431
3,5,717.65,1,1,0,35729.31,0,0,416.2992859
1,-1,803.67,0,1,1,25087.46,0,1,484.601514
4,3,812.58,0,1,1,28523.47,0,1,523.1900482
2,1,1010.53,1,0,0,22346.64,2,0,567.0330186
2,6,657.46,0,0,0,40556.07,3,1,725.7340411
4,4,813.22,0,1,1,17441.35,0,1,535.8048141
2,4,749.95,0,1,0,48985.24,2,0,474.3424201
1,7,867.51,0,1,0,34397.74,1,1,654.6911119
3,4,603.76,0,0,1,27143.19,0,1,437.6546558
2,4,780.69,1,1,0,13472.99,2,1,921.675717
1,7,889.51,0,1,1,42581.85,2,1,771.331685
4,6,956.65,1,0,1,22290.71,1,1,713.9166273
3,3,767.03,0,1,1,13983.43,0,1,670.8911292
3,6,844.71,1,1,1,31825.02,1,1,818.0911026
1,5,1047.23,0,1,0,22144.56,0,1,508.1793159
2,6,665.98,0,0,0,20282.97,0,1,452.3685386
2,8,761.85,0,1,1,7716.81,3,1,800.3552675
2,4,923.94,0,1,0,35159.91,2,0,488.4036544
3,6,832.32,1,1,1,18419.07,0,0,475.0273456
3,8,946.75,0,1,0,15911.63,1,1,729.5291273
4,6,838.62,0,1,0,31661.56,0,0,267.7779516
3,4,895.81,0,1,0,21977.73,2,1,796.9563827
4,4,996.57,0,0,0,26294.83,0,1,376.6231262
4,5,657.8,1,0,1,27780.65,1,0,489.3365077
2,9,990.99,1,1,0,22734.82,2,0,690.3913356
2,4,599.81,0,0,0,13762.18,1,0,264.2898436
0,8,811.26,0,1,0,20312.57,1,1,741.8148937
1,3,991.18,1,1,0,6049.17,0,0,458.243049
2,10,858.17,1,0,0,13232.88,1,0,438.8596761
1,9,873.78,0,0,0,12998.57,0,0,262.134934
3,5,801.2,0,0,1,37571.74,0,0,345.5484398
2,5,802.11,0,1,0,10244.49,2,1,712.4547407
1,4,663.42,1,0,1,51774.67,2,1,894.5040945
2,6,748.92,0,0,1,16826.39,1,1,624.7858461
2,4,759.56,0,1,1,17279.51,1,1,668.4312013
2,5,975.06,0,1,1,14725.77,0,0,411.2190052
0,10,659.02,0,0,0,9712.83,0,1,408.7602831
3,5,802.68,0,0,0,27474.05,1,1,490.6354472
2,5,641.03,0,1,0,24266.75,0,1,503.5726532
3,5,901.75,1,0,0,33231.86,1,0,509.7194672
4,5,599.01,0,0,0,28939.04,2,0,432.1356836
1,3,878.66,0,1,0,36984.67,0,0,273.1460201
0,7,937.42,1,0,1,17018.37,0,1,706.5868973
3,7,669.21,0,0,0,7597.14,2,1,720.9411431
2,1,901.34,0,1,0,39718.99,1,0,303.2398657
2,6,828.78,0,1,0,16265.12,1,1,613.4348304
1,2,972.73,1,0,1,28861.85,0,1,680.8111229
2,3,693.11,0,1,0,25254.15,2,0,481.9605295
2,6,881.52,0,1,1,20805.04,1,1,621.9581262
1,4,747.96,0,0,0,32192.83,1,0,209.1575056
1,5,781.8,1,1,0,5681.86,0,0,329.7516594
1,4,897.21,0,0,0,32319.97,2,1,550.9329231
1,4,926.78,0,1,1,33504.17,0,1,616.5942508
3,3,901.47,1,1,1,19740.48,1,1,720.7078792
2,5,838.58,0,1,1,25174.6,0,1,643.2787613
2,7,801.08,0,1,0,25772.23,3,1,739.2765584
4,3,770.08,0,1,0,22386.58,2,1,714.0825767
1,7,744.79,1,0,1,21717.13,2,1,740.654246
5,6,862.18,1,1,1,42080.48,0,1,873.3151082
2,1,594.97,0,0,0,19945.75,1,1,432.0564968
2,6,581.92,1,1,1,31671.12,0,1,701.5860156
3,5,828.86,0,1,1,32097.76,0,0,429.8587308
1,4,664.27,0,1,0,37591.87,2,1,760.3848419
3,5,980.25,0,1,1,9111.69,2,0,442.2453194
3,3,733.35,1,1,0,23763.85,0,1,714.2249699
1,4,793.23,0,0,0,32791.1,0,0,152.8064994
2,-1,594.82,0,1,0,34875.33,1,1,558.6983552
3,6,882.81,0,1,0,13983.82,1,1,559.1317316
1,5,993.6,0,1,0,18839.05,0,1,491.2677888
4,0,856.25,1,0,0,24394.06,2,1,708.0228553
3,8,947.1,1,1,0,33000.41,1,0,525.4912471
1,5,755.23,0,1,0,27605.69,1,0,442.6147902
1,4,952.53,0,1,1,21533.11,1,1,600.6304808
0,3,906.35,0,1,0,13662.8,2,0,451.4238351
2,2,516.37,0,1,0,20040.11,2,0,530.8667089
4,3,906.07,1,1,0,31143.81,0,0,350.6889098
1,2,828.02,0,1,1,32351.24,0,1,567.7590954
2,2,1000.18,0,1,1,19160.32,2,1,831.5319977
3,1,940.05,0,1,1,24975.39,2,0,588.2533207
3,3,802.81,0,0,0,25520.17,2,1,541.0411806
3,0,1175.71,1,1,1,40163.85,0,1,850.6174256
3,3,918.63,0,1,1,16998.43,3,0,516.1371736
1,5,587.69,0,1,0,20956.92,1,0,361.0301742
2,4,949.02,1,1,1,15645.13,2,1,908.4111717
3,5,912.62,1,1,0,19487.56,2,1,948.1244137
1,5,567.83,1,1,0,34357.78,1,0,416.0863173
3,5,852.77,1,0,0,42164.38,1,0,428.5338743
3,5,808.27,0,1,1,42973.79,3,1,872.3510953
2,5,630.08,1,1,0,22784.23,0,1,609.2283984
2,5,1113.18,0,1,1,27659.79,3,0,601.3236612
3,5,785.79,1,1,1,33916.8,0,1,691.4960226
1,2,854.04,1,1,1,8560.56,0,0,387.2025774
1,5,667.43,0,1,0,16639.28,1,1,651.8485741
0,7,478.33,0,1,1,19062.14,0,1,502.3623706
2,5,701.43,1,1,1,12857.82,0,0,366.9756201
2,5,1000.44,0,1,0,28649.43,1,0,285.7052733
3,4,887.57,0,1,0,23856.6,0,1,601.7798412
2,6,637.27,0,0,0,28094.45,0,1,485.9354521
3,4,733.62,0,1,1,30381.49,2,1,749.1383063
3,5,761.19,0,0,1,33356.46,2,0,537.5937521
2,7,840.13,0,1,1,35397.42,2,1,761.2642415
2,5,739,1,0,1,23731.51,0,0,368.2610223
2,6,488.35,0,0,1,12436.41,1,1,580.2561579
0,3,1024.82,0,1,1,28876.67,1,1,613.7702422
2,6,965.2,0,1,0,33363.39,1,1,745.8097632
0,5,968.65,1,1,1,47904.37,3,1,1094.762145
3,6,838.25,0,1,1,22592.39,0,1,651.2505703
1,3,610.17,0,1,0,28660.04,1,1,529.752567
3,7,532.29,0,1,1,20281.78,0,0,339.4661728
1,6,984.05,1,0,1,9627.81,1,0,565.4874221
3,4,873.78,0,1,1,5565.5,0,0,299.9922367
2,4,777.78,0,1,0,25425.08,2,1,679.6670644
2,6,705.26,1,1,0,22377.23,2,1,804.4602565
3,3,647.53,0,1,1,33074.14,3,0,527.2751089
2,3,952.8,0,1,1,39609.7,2,1,856.2314301
1,6,622.23,1,1,0,27623.69,0,1,680.8628705
1,7,970.66,0,1,1,26338.22,3,1,802.164383
0,6,918.08,0,1,0,19449.26,0,0,225.8297233
1,1,808.88,1,0,0,19741.17,2,1,813.7427877
2,4,755.45,0,0,1,31312.08,2,0,531.6564844
2,8,626.27,0,1,0,4577.68,3,0,533.2605305
2,5,563,0,0,0,34857.7,1,1,501.5592067
0,6,817.24,1,1,0,23889.94,2,1,913.1323358
1,6,896.96,0,1,1,11184.97,1,1,708.0589312
3,7,874.27,0,1,0,31211.12,0,1,642.4982494
2,6,1034.24,1,1,1,7775.47,1,1,823.7567113
1,5,898.03,1,1,0,11325.19,3,1,1030.525958
1,6,880.51,1,1,1,32511.01,2,1,987.8537637
1,4,905.65,0,1,0,56355.95,2,0,576.9982862
3,5,646.24,1,1,1,19332,3,0,849.4272911
3,7,673.25,0,0,0,20910.94,2,1,619.8681172
1,6,702.43,1,0,0,24957.63,2,1,874.6551407
2,5,778.53,0,1,0,28011.26,0,1,471.6859469
3,2,603.58,0,1,0,28243.32,0,0,224.5919176
3,1,1077.31,0,1,1,8382.92,1,1,649.7085257
0,5,868.31,1,0,0,31608.86,0,0,271.6913989
2,9,746.65,0,1,1,23299.5,2,1,820.8426313
0,6,925.72,0,1,0,30721.85,0,0,348.1411043
2,9,674.48,1,1,1,27319.21,2,1,905.8731672
2,6,905.64,1,1,0,28407.03,0,1,641.2404715
0,5,999.06,0,1,0,30210.45,1,1,732.9088264
3,4,854.33,0,1,0,18918.92,3,1,787.4450969
2,5,813.5,0,1,0,33164.3,1,1,596.5393003
3,4,505.88,0,0,1,24826.06,3,0,620.8044324
2,4,761.86,0,1,1,7353.41,0,0,364.9502191
2,2,767.74,1,1,0,17477.31,3,0,716.031236
2,1,752.08,1,1,0,30477.09,1,0,546.5076831
2,7,1025.06,1,0,1,17823.67,1,0,609.1034722
3,6,753.75,1,1,1,11728.32,4,1,1102.994109
1,5,861.68,1,1,0,35897.48,1,0,544.2242352
1,3,811.09,0,1,1,36398.05,1,0,522.8355157
2,6,901.94,1,1,1,33624.6,2,0,688.1587974
2,9,983.6,1,1,0,26546.3,2,0,598.14145
0,7,926.45,1,0,1,27785.45,2,1,774.0506127
2,3,513.97,1,0,0,24447.93,2,0,482.3048555
2,6,742.55,1,1,1,25114.88,1,0,599.9276294
3,6,767.65,0,1,0,35282.36,2,0,524.3016383
3,5,711.94,0,1,0,18470.96,1,1,716.9022033
3,6,847.1,1,1,0,32952.39,0,1,693.158645
3,5,698.63,0,1,1,26337.36,1,1,731.2069996
4,4,729.31,0,1,1,10395.27,0,0,305.9995691
1,5,1023.66,0,1,0,12826.64,1,1,721.5493629
1,3,802.89,1,1,0,21307.33,1,1,765.879138
1,8,841.62,1,1,0,23764.01,2,0,603.7833777
2,5,879.25,0,0,1,12596.85,0,0,272.7913879
2,5,367.73,0,0,0,14814.95,0,0,87.8518497
2,3,457.71,0,1,0,10398.38,2,0,456.7958156
3,4,1025.59,0,1,1,41559.87,0,0,272.5741732
2,2,639.22,0,1,0,29826.67,1,1,560.0940142
3,5,912.02,1,1,0,33736.56,0,0,353.0244501
3,6,1112.99,0,1,1,15430.48,0,0,446.559878
0,10,1019.64,0,1,0,6031.98,2,1,819.6897325
2,0,708.78,0,1,1,24223.22,2,1,693.0780987
2,4,841.29,1,1,0,6165.27,2,0,546.7350103
2,4,758.89,1,1,0,12919.84,1,0,576.2154416
1,5,668.13,1,1,0,15481.44,1,1,658.3791723
4,5,470.52,0,1,0,22726.77,2,1,671.1305381
2,4,953.72,0,1,0,27690.35,1,1,555.6780785
3,0,772.57,1,1,1,12317.68,0,1,816.3237989
2,6,780.34,0,1,1,41016.55,1,0,411.9113289
3,8,1024.32,0,1,0,29350.88,2,1,760.0749706
1,4,1025.35,1,1,1,12059.17,1,0,675.4361882
0,5,795.34,1,1,0,22724.75,2,0,678.2539839
2,5,945.22,1,1,1,13217.15,2,1,815.1687753
1,4,912.46,1,1,0,26579.64,2,1,976.1715232
2,7,697.37,0,1,1,18812.34,1,1,634.8459632
2,8,983.43,0,0,1,22657.68,4,0,529.1219825
2,2,819.78,1,1,0,21991.53,0,1,636.8844293
2,5,678.51,0,1,1,14150.45,1,0,395.4033332
2,3,527.7,0,1,0,43204.74,1,1,575.0037374
2,9,863.06,1,1,1,22622.14,1,1,812.9828301
3,5,692.49,1,1,1,39477.18,1,0,690.1026345
2,5,670.01,1,1,1,36959.48,1,0,539.030565
3,7,710,1,1,1,19662.06,0,0,547.8579188
2,5,954.01,0,0,1,27990.39,0,0,270.2592943
2,6,631.54,0,1,1,32046.17,2,1,821.5718157
2,6,783.75,1,1,1,8970.35,0,1,768.0457556
0,7,602.31,0,0,1,9072.79,1,0,418.4443299
3,0,1060.11,0,1,1,33817.84,1,1,656.168438
2,2,762.18,1,1,0,35141.26,2,1,786.3179031
3,8,824.74,1,1,1,23400.22,1,0,682.4282341
3,4,615.35,0,1,0,33954.6,2,1,725.9703135
2,6,996.64,0,0,0,21220.11,0,1,495.153671
2,3,903.62,1,1,1,38243.86,0,1,793.3423112
2,5,686.9,1,1,0,29489.46,2,1,937.6211463
2,4,976.34,0,0,0,3507.86,1,1,477.7614788
2,7,729.12,0,1,0,29066.2,0,1,655.2151632
3,3,829.61,0,1,0,29728.82,1,1,568.0921031
1,8,909.63,1,1,1,10084.09,1,1,853.4426696
2,8,748.83,0,0,0,12819.36,2,0,329.4553246
2,2,1025.77,0,1,1,24293.56,2,0,476.6830107
4,7,1049.08,1,1,0,33978.15,0,1,796.1320637
2,7,818.59,1,0,0,32710.94,0,1,542.129924
1,7,998.02,1,1,0,11903.62,2,1,814.3627199
0,5,787.6,0,1,0,26472.36,2,1,659.0702207
3,4,671.4,0,1,1,30461.42,0,0,313.4620194
2,4,925.83,0,1,0,36063.58,2,0,474.6952299
2,4,721.09,0,1,0,37586.7,1,0,478.1037958
3,5,621.65,0,1,0,36867.11,1,1,688.1521363
3,5,904.32,0,1,1,22728,1,0,538.103211
2,3,734.66,0,1,0,15053.63,1,1,517.9757247
1,5,652.64,1,1,1,35364.15,1,1,784.2329099
3,4,944.11,1,1,0,33446.94,1,1,898.5794256
1,6,678.34,0,0,1,39175.03,0,1,615.4819559
2,7,666.42,0,1,1,13412.74,0,0,332.5594177
1,4,602.24,1,1,0,43077.89,1,1,721.6156407
3,4,872.51,0,1,1,13887.45,0,1,495.8442857
2,6,816.3,0,1,1,39795.94,1,0,528.4521069
3,0,991.31,0,1,0,12687.26,1,1,655.8701112
2,5,847.97,0,1,0,39502.92,0,0,354.4726932
2,4,660.94,1,0,0,10145.17,0,1,568.6605495
1,1,814.75,0,1,1,15535.05,0,1,653.4233136
1,6,835.43,0,0,0,22204,0,1,537.8010046
